original_filename,product_name,category,colourway,material,pattern,view
WhatsApp Image 2026-09-28 at 10.29.34 PM.jpeg,Printed Bedsheet,bedsheets,Multicolor floral and geometric,unknown,abstract,flat
WhatsApp Image 2026-09-28 at 10.29.35 PM.jpeg,Printed Bedsheet,bedsheets,"Pink, blue and white geometric",unknown,geometric,flat
WhatsApp Image 2026-09-28 at 10.29.36 PM.jpeg,Printed Bedsheet,bedsheets,"Blue, pink and beige geometric",unknown,geometric,flat
WhatsApp Image 2026-09-28 at 10.29.40 PM.jpeg,Printed Bedsheet,bedsheets,"Red, blue and beige geometric",unknown,geometric,flat
WhatsApp Image 2026-09-28 at 10.29.41 PM.jpeg,Printed Bedsheet,bedsheets,"Blue, teal and multicolor geometric",unknown,geometric,flat
WhatsApp Image 2026-09-28 at 10.29.48 PM.jpeg,Printed Bedsheet,bedsheets,Blue and multicolor floral,unknown,floral,flat
WhatsApp Image 2026-09-28 at 10.29.48 PM (1).jpeg,Printed Bedsheet,bedsheets,Red and beige striped geometric,unknown,striped,flat
WhatsApp Image 2026-09-28 at 10.29.48 PM (2).jpeg,Printed Bedsheet Set,bedsheets,Navy mustard and white botanical,unknown,floral,drape
WhatsApp Image 2026-09-28 at 10.29.49 PM.jpeg,Printed Bedsheet Set,bedsheets,Red green and white floral,unknown,floral,drape
WhatsApp Image 2026-09-28 at 10.29.49 PM (1).jpeg,Printed Bedsheet Set,bedsheets,Teal grey and white arch geometric,unknown,geometric,drape
WhatsApp Image 2026-09-28 at 10.29.49 PM (2).jpeg,Printed Bedsheet Set,bedsheets,Black grey and white medallion geometric,unknown,geometric,drape
WhatsApp Image 2026-09-28 at 10.29.50 PM.jpeg,Printed Bedsheet Set,bedsheets,Black grey and white floral medallion,unknown,floral,drape
WhatsApp Image 2026-09-28 at 10.29.50 PM (1).jpeg,Printed Bedsheet Set,bedsheets,Pink cream and gold floral,unknown,floral,drape
WhatsApp Image 2026-09-28 at 10.29.50 PM (2).jpeg,Printed Bedsheet Set,bedsheets,Blush cream and taupe floral border,unknown,floral,drape
WhatsApp Image 2026-09-28 at 10.29.51 PM.jpeg,Printed Bedsheet Set,bedsheets,Teal brown and cream botanical,unknown,floral,drape
WhatsApp Image 2026-09-28 at 10.29.51 PM (1).jpeg,Printed Bedsheet Set,bedsheets,Teal rust and cream botanical,unknown,floral,drape
WhatsApp Image 2026-09-28 at 10.29.51 PM (2).jpeg,Printed Bedsheet Set,bedsheets,Olive cream and sage botanical,unknown,floral,drape
WhatsApp Image 2026-09-28 at 10.29.52 PM.jpeg,Printed Bedsheet Set,bedsheets,Dusty rose cream and sage floral,unknown,floral,drape
WhatsApp Image 2026-09-28 at 10.29.52 PM (1).jpeg,Printed Bedsheet Set,bedsheets,Teal mustard and cream floral border,unknown,floral,drape
WhatsApp Image 2026-09-28 at 10.29.52 PM (2).jpeg,Printed Bedsheet Set,bedsheets,Charcoal white and grey floral,unknown,floral,drape
WhatsApp Image 2026-09-28 at 10.29.53 PM.jpeg,Printed Bedsheet Set,bedsheets,Red sage and cream floral,unknown,floral,drape
WhatsApp Image 2026-09-28 at 10.29.53 PM (1).jpeg,Printed Bedsheet,bedsheets,"Beige, grey and blue floral",unknown,floral,flat
WhatsApp Image 2026-09-28 at 10.29.53 PM (2).jpeg,Printed Bedsheet,bedsheets,Multicolor floral,unknown,floral,flat
WhatsApp Image 2026-09-28 at 10.29.54 PM.jpeg,Printed Bedsheet,bedsheets,Grey and mauve floral,unknown,floral,flat
WhatsApp Image 2026-09-28 at 10.29.54 PM (1).jpeg,Printed Bedsheet,bedsheets,Pink and multicolor floral,unknown,floral,flat
WhatsApp Image 2026-09-28 at 10.29.54 PM (2).jpeg,Floral Bedsheet,bedsheets,White with pink floral,unknown,floral,drape
WhatsApp Image 2026-09-28 at 10.29.54 PM (3).jpeg,Printed Bedsheet,bedsheets,White with red floral,unknown,floral,flat
WhatsApp Image 2026-09-28 at 10.29.55 PM.jpeg,Printed Bedsheet,bedsheets,Multicolor floral and striped,unknown,floral,flat
WhatsApp Image 2026-09-28 at 10.29.56 PM.jpeg,Jaipur Printed Bedsheet,bedsheets,Multicolor Jaipur print,unknown,abstract,flat
WhatsApp Image 2026-09-28 at 10.29.56 PM (1).jpeg,Printed Bedsheet,bedsheets,White with red floral,unknown,floral,flat
WhatsApp Image 2026-09-28 at 10.29.56 PM (2).jpeg,Printed Bedsheet,bedsheets,White with blue and mustard floral,unknown,floral,flat
WhatsApp Image 2026-09-28 at 10.29.57 PM.jpeg,Printed Bedsheet,bedsheets,Multicolor floral and geometric,unknown,abstract,flat
WhatsApp Image 2026-09-28 at 10.29.57 PM (1).jpeg,Printed Bedsheet,bedsheets,White with blue floral,unknown,floral,flat
WhatsApp Image 2026-09-28 at 10.29.57 PM (2).jpeg,Printed Bedsheet,bedsheets,White with blue floral,unknown,floral,flat
WhatsApp Image 2026-09-28 at 10.29.57 PM (3).jpeg,Printed Bedsheet,bedsheets,White with navy floral,unknown,floral,flat
WhatsApp Image 2026-09-28 at 10.30.08 PM.jpeg,Printed Bedsheet,bedsheets,Multicolor floral and striped,unknown,floral,flat
WhatsApp Image 2026-09-28 at 10.30.09 PM.jpeg,Printed Bedsheet Set,bedsheets,Blue floral,unknown,floral,drape
WhatsApp Image 2026-09-28 at 10.30.09 PM (1).jpeg,Printed Bedsheet,bedsheets,White with multicolor floral and striped,unknown,floral,flat
WhatsApp Image 2026-09-28 at 10.30.09 PM (2).jpeg,Printed Bedsheet,bedsheets,Multicolor floral and geometric,unknown,abstract,flat
WhatsApp Image 2026-09-28 at 10.30.10 PM.jpeg,Printed Bedsheet,bedsheets,Multicolor floral and geometric,unknown,abstract,flat
WhatsApp Image 2026-09-28 at 10.30.10 PM (1).jpeg,Printed Bedsheet,bedsheets,Blue and grey geometric,unknown,geometric,flat
WhatsApp Image 2026-09-28 at 10.30.10 PM (2).jpeg,Printed Bedsheet,bedsheets,"Blue, grey and multicolor floral",unknown,floral,flat
WhatsApp Image 2026-09-28 at 10.30.11 PM.jpeg,Printed Bedsheet,bedsheets,Burgundy floral,unknown,floral,flat
WhatsApp Image 2026-09-28 at 10.30.11 PM (1).jpeg,Printed Bedsheet,bedsheets,Navy blue paisley,unknown,paisley,flat
WhatsApp Image 2026-09-28 at 10.30.11 PM (2).jpeg,Printed Bedsheet,bedsheets,Multicolor floral,unknown,floral,flat
WhatsApp Image 2026-09-28 at 10.30.11 PM (3).jpeg,Printed Bedsheet,bedsheets,Grey and blue floral,unknown,floral,flat
WhatsApp Image 2026-09-28 at 10.30.12 PM.jpeg,Printed Bedsheet,bedsheets,Grey with burgundy elephant motifs,unknown,abstract,flat
WhatsApp Image 2026-09-28 at 10.30.12 PM (1).jpeg,Patchwork Printed Bedsheet,bedsheets,Multicolor geometric patchwork,unknown,geometric,flat
WhatsApp Image 2026-09-28 at 10.30.12 PM (2).jpeg,Printed Bedsheet,bedsheets,Multicolor floral,unknown,floral,flat
WhatsApp Image 2026-09-28 at 10.30.12 PM (3).jpeg,Printed Bedsheet,bedsheets,Grey geometric,unknown,geometric,drape
WhatsApp Image 2026-09-28 at 10.30.13 PM.jpeg,Printed Bedsheet,bedsheets,Navy blue floral,unknown,floral,drape
WhatsApp Image 2026-09-28 at 10.30.13 PM (1).jpeg,Printed Bedsheet,bedsheets,Sage floral,unknown,floral,drape
WhatsApp Image 2026-09-28 at 10.30.13 PM (2).jpeg,Printed Bedsheet,bedsheets,Light blue floral,unknown,floral,drape
WhatsApp Image 2026-09-28 at 10.30.14 PM.jpeg,Printed Bedsheet Set,bedsheets,White with red and grey geometric,unknown,geometric,drape
WhatsApp Image 2026-09-28 at 10.30.14 PM (1).jpeg,Printed Bedsheet Set,bedsheets,White with pink and grey geometric,unknown,geometric,drape
WhatsApp Image 2026-09-28 at 10.30.14 PM (2).jpeg,Printed Bedsheet Set,bedsheets,White with red floral,unknown,floral,drape
WhatsApp Image 2026-09-28 at 10.30.15 PM.jpeg,Printed Bedsheet,bedsheets,Pink geometric,unknown,geometric,drape
WhatsApp Image 2026-09-28 at 10.30.15 PM (1).jpeg,Printed Bedsheet,bedsheets,White with blue floral,unknown,floral,drape
WhatsApp Image 2026-09-28 at 10.30.15 PM (2).jpeg,Printed Bedsheet,bedsheets,Purple floral,unknown,floral,drape
WhatsApp Image 2026-09-28 at 10.30.15 PM (3).jpeg,Printed Bedsheet,bedsheets,Grey floral,unknown,floral,drape
WhatsApp Image 2026-09-28 at 10.30.16 PM.jpeg,Printed Bedsheet Set,bedsheets,White with blue floral,unknown,floral,drape
WhatsApp Image 2026-09-28 at 10.30.16 PM (1).jpeg,Printed Bedsheet,bedsheets,Grey geometric circles,unknown,geometric,drape
WhatsApp Image 2026-09-28 at 10.30.16 PM (2).jpeg,Printed Bedsheet,bedsheets,Grey geometric,unknown,geometric,drape
WhatsApp Image 2026-09-28 at 10.30.17 PM.jpeg,Printed Bedsheet,bedsheets,Light blue geometric,unknown,geometric,drape
WhatsApp Image 2026-09-28 at 10.30.17 PM (1).jpeg,Patchwork Printed Bedsheet,bedsheets,Blue and white patchwork,unknown,geometric,drape
WhatsApp Image 2026-09-28 at 10.30.17 PM (2).jpeg,Printed Bedsheet,bedsheets,Grey geometric,unknown,geometric,drape
WhatsApp Image 2026-09-28 at 10.30.17 PM (3).jpeg,Printed Bedsheet,bedsheets,Brown geometric,unknown,geometric,drape
WhatsApp Image 2026-09-28 at 10.30.18 PM.jpeg,Printed Bedsheet,bedsheets,Sage floral,unknown,floral,drape
WhatsApp Image 2026-09-28 at 10.30.18 PM (1).jpeg,Printed Bedsheet,bedsheets,Beige floral,unknown,floral,drape
WhatsApp Image 2026-09-28 at 10.30.18 PM (2).jpeg,Printed Bedsheet,bedsheets,White with blue floral,unknown,floral,flat
WhatsApp Image 2026-09-28 at 10.30.19 PM.jpeg,Printed Bedsheet,bedsheets,Mauve geometric circles,unknown,geometric,drape
WhatsApp Image 2026-09-28 at 10.30.19 PM (1).jpeg,Printed Bedsheet,bedsheets,Beige geometric,unknown,geometric,drape
WhatsApp Image 2026-09-28 at 10.30.19 PM (2).jpeg,Printed Bedsheet Set,bedsheets,White with multicolor floral,unknown,floral,drape
WhatsApp Image 2026-09-28 at 10.30.19 PM (3).jpeg,Printed Bedsheet,bedsheets,Pink geometric circles,unknown,geometric,drape
WhatsApp Image 2026-09-28 at 10.30.20 PM.jpeg,Printed Bedsheet Set,bedsheets,Indigo rust and cream botanical,unknown,floral,drape
WhatsApp Image 2026-09-28 at 10.30.20 PM (1).jpeg,Printed Bedsheet Set,bedsheets,Dusty rose grey and cream geometric,unknown,geometric,drape
WhatsApp Image 2026-09-28 at 10.30.20 PM (2).jpeg,Printed Bedsheet Set,bedsheets,Coral teal and cream floral,unknown,floral,drape
WhatsApp Image 2026-09-28 at 10.30.21 PM.jpeg,Printed Bedsheet Set,bedsheets,Navy grey and cream geometric,unknown,geometric,drape
WhatsApp Image 2026-09-28 at 10.30.21 PM (1).jpeg,Printed Bedsheet Set,bedsheets,Sage cream and charcoal geometric,unknown,geometric,drape
WhatsApp Image 2026-09-28 at 10.30.22 PM.jpeg,Printed Bedsheet Set,bedsheets,Sage blue and cream geometric,unknown,geometric,drape
WhatsApp Image 2026-09-28 at 10.30.23 PM.jpeg,Printed Bedsheet Set,bedsheets,Lavender cream and charcoal diamond,unknown,geometric,drape
WhatsApp Image 2026-09-28 at 10.30.23 PM (1).jpeg,Printed Bedsheet Set,bedsheets,Taupe cream and brown geometric,unknown,geometric,drape
WhatsApp Image 2026-09-28 at 10.30.23 PM (2).jpeg,Printed Bedsheet Set,bedsheets,Olive grey and cream check,unknown,check,drape
WhatsApp Image 2026-09-28 at 10.30.24 PM.jpeg,Printed Bedsheet Set,bedsheets,Mint teal and cream floral,unknown,floral,drape
WhatsApp Image 2026-09-28 at 10.30.24 PM (1).jpeg,Printed Bedsheet Set,bedsheets,Red cream and blue patchwork,unknown,geometric,drape
WhatsApp Image 2026-09-28 at 10.30.24 PM (2).jpeg,Printed Bedsheet Set,bedsheets,Blue rust and cream striped geometric,unknown,geometric,drape
WhatsApp Image 2026-09-28 at 10.30.24 PM (3).jpeg,Printed Bedsheet Set,bedsheets,Turquoise cream and rust floral,unknown,floral,drape
WhatsApp Image 2026-09-28 at 10.30.25 PM.jpeg,Printed Bedsheet Set,bedsheets,Blue cream and red floral medallion,unknown,floral,drape
WhatsApp Image 2026-09-28 at 10.30.25 PM (1).jpeg,Printed Bedsheet Set,bedsheets,Blue peach and cream floral,unknown,floral,drape
WhatsApp Image 2026-09-28 at 10.30.25 PM (2).jpeg,Printed Bedsheet Set,bedsheets,Royal blue white and gold floral,unknown,floral,drape
WhatsApp Image 2026-09-28 at 10.30.26 PM.jpeg,Printed Bedsheet Set,bedsheets,Royal blue orange and cream floral,unknown,floral,drape
WhatsApp Image 2026-09-28 at 10.28.51 PM.jpeg,Block Print Bedsheet,bedsheets,White with red floral and geometric border,unknown,floral,drape
WhatsApp Image 2026-09-28 at 10.28.51 PM (1).jpeg,Block Print Bedsheet,bedsheets,White with black floral,unknown,floral,drape
WhatsApp Image 2026-09-28 at 10.28.52 PM.jpeg,Block Print Bedsheet,bedsheets,White with red and green floral,unknown,floral,drape
WhatsApp Image 2026-09-28 at 10.28.52 PM (1).jpeg,Block Print Bedsheet,bedsheets,White with red floral,unknown,floral,drape
WhatsApp Image 2026-09-28 at 10.28.54 PM.jpeg,Block Print Bedsheet,bedsheets,White with black and red floral,unknown,floral,flat
WhatsApp Image 2026-09-28 at 10.28.55 PM.jpeg,Block Print Bedsheet,bedsheets,White with black and beige geometric,unknown,geometric,drape
WhatsApp Image 2026-09-28 at 10.28.57 PM.jpeg,Block Print Bedsheet,bedsheets,White with navy and multicolor floral,unknown,floral,flat
WhatsApp Image 2026-09-28 at 10.28.57 PM (1).jpeg,Block Print Bedsheet,bedsheets,"Blue, green and beige geometric",unknown,geometric,flat
WhatsApp Image 2026-09-28 at 10.29.01 PM.jpeg,Block Print Bedsheet,bedsheets,White and brown floral,unknown,floral,flat
WhatsApp Image 2026-09-28 at 10.29.02 PM.jpeg,Block Print Bedsheet,bedsheets,White with multicolor floral and geometric,unknown,floral,flat
WhatsApp Image 2026-09-28 at 10.29.02 PM (1).jpeg,Block Print Bedsheet,bedsheets,"Blue, beige and brown floral",unknown,floral,flat
WhatsApp Image 2026-09-28 at 10.29.02 PM (2).jpeg,Block Print Bedsheet,bedsheets,Beige and blue geometric,unknown,geometric,flat
WhatsApp Image 2026-09-28 at 10.29.03 PM.jpeg,Block Print Bedsheet,bedsheets,White with multicolor botanical and geometric,unknown,abstract,flat
WhatsApp Image 2026-09-28 at 10.29.03 PM (1).jpeg,Block Print Bedsheet,bedsheets,White with green and blue floral,unknown,floral,flat
WhatsApp Image 2026-09-28 at 10.29.03 PM (2).jpeg,Block Print Bedsheet,bedsheets,White with navy and red geometric,unknown,geometric,flat
WhatsApp Image 2026-09-28 at 10.29.03 PM (3).jpeg,Block Print Bedsheet,bedsheets,"White with mustard, blue and red floral",unknown,floral,flat
WhatsApp Image 2026-09-28 at 10.29.04 PM.jpeg,Block Print Bedsheet,bedsheets,White with orange and blue geometric,unknown,geometric,drape
WhatsApp Image 2026-09-28 at 10.29.04 PM (1).jpeg,Block Print Bedsheet,bedsheets,White with blue and mustard floral,unknown,floral,drape
WhatsApp Image 2026-09-28 at 10.29.05 PM.jpeg,Block Print Bedsheet,bedsheets,White with blue and grey botanical blocks,unknown,geometric,drape
WhatsApp Image 2026-09-28 at 10.29.06 PM.jpeg,Block Print Bedsheet,bedsheets,White with blue and red geometric,unknown,geometric,drape
WhatsApp Image 2026-09-28 at 10.29.06 PM (1).jpeg,Block Print Bedsheet,bedsheets,White with red and green floral,unknown,floral,drape
WhatsApp Image 2026-09-28 at 10.29.06 PM (2).jpeg,Printed Bedsheet,bedsheets,White with navy and multicolor floral,unknown,floral,drape
WhatsApp Image 2026-09-28 at 10.29.09 PM.jpeg,Printed Bedsheet,bedsheets,White with multicolor floral,unknown,floral,drape
WhatsApp Image 2026-09-28 at 10.29.09 PM (1).jpeg,Printed Bedsheet,bedsheets,White with pink and blue floral,unknown,floral,drape
WhatsApp Image 2026-09-28 at 10.29.09 PM (2).jpeg,Printed Bedsheet,bedsheets,White with multicolor floral border,unknown,floral,drape
WhatsApp Image 2026-09-28 at 10.29.09 PM (3).jpeg,Printed Bedsheet,bedsheets,White with orange and teal floral,unknown,floral,drape
WhatsApp Image 2026-09-28 at 10.29.12 PM.jpeg,Printed Bedsheet,bedsheets,White with blue and green floral,unknown,floral,drape
WhatsApp Image 2026-09-28 at 10.29.12 PM (1).jpeg,Printed Bedsheet,bedsheets,White with blue and green floral,unknown,floral,drape
WhatsApp Image 2026-09-28 at 10.29.12 PM (2).jpeg,Printed Bedsheet,bedsheets,"Blue, grey and beige geometric",unknown,geometric,flat
WhatsApp Image 2026-09-28 at 10.29.13 PM.jpeg,Printed Bedsheet,bedsheets,"Brown, blue and mauve geometric",unknown,geometric,flat
WhatsApp Image 2026-09-28 at 10.29.13 PM (1).jpeg,Printed Bedsheet,bedsheets,"Blue, pink and beige paisley",unknown,paisley,flat
WhatsApp Image 2026-09-28 at 10.29.14 PM.jpeg,Printed Bedsheet,bedsheets,Beige and pink floral,unknown,floral,flat
WhatsApp Image 2026-09-28 at 10.29.14 PM (1).jpeg,Printed Bedsheet,bedsheets,White with brown geometric border,unknown,geometric,drape
WhatsApp Image 2026-09-28 at 10.29.15 PM.jpeg,Printed Bedsheet,bedsheets,White with pink floral and geometric border,unknown,floral,drape
WhatsApp Image 2026-09-28 at 10.29.16 PM.jpeg,Printed Bedsheet,bedsheets,White with sage and grey floral,unknown,floral,drape
WhatsApp Image 2026-09-28 at 10.29.17 PM.jpeg,Printed Bedsheet,bedsheets,White with blue floral,unknown,floral,drape
WhatsApp Image 2026-09-28 at 10.29.17 PM (1).jpeg,Printed Bedsheet,bedsheets,White with grey geometric,unknown,geometric,drape
WhatsApp Image 2026-09-28 at 10.29.19 PM.jpeg,Printed Bedsheet,bedsheets,White with pink and green floral,unknown,floral,drape
WhatsApp Image 2026-09-28 at 10.29.20 PM.jpeg,Printed Bedsheet,bedsheets,White with multicolor floral,unknown,floral,drape
WhatsApp Image 2026-09-28 at 10.29.20 PM (1).jpeg,Printed Bedsheet,bedsheets,White with green floral,unknown,floral,drape
WhatsApp Image 2026-09-28 at 10.29.21 PM.jpeg,Printed Bedsheet,bedsheets,White with pink and green floral,unknown,floral,drape
WhatsApp Image 2026-09-28 at 10.29.21 PM (1).jpeg,Printed Bedsheet,bedsheets,White with brown geometric,unknown,geometric,drape
WhatsApp Image 2026-09-28 at 10.29.22 PM.jpeg,Printed Bedsheet,bedsheets,White with multicolor floral,unknown,floral,drape
WhatsApp Image 2026-09-28 at 10.29.22 PM (1).jpeg,Printed Bedsheet,bedsheets,White with blue and multicolor floral,unknown,floral,drape
WhatsApp Image 2026-09-28 at 10.29.23 PM.jpeg,Printed Bedsheet,bedsheets,White with blue and green floral,unknown,floral,drape
WhatsApp Image 2026-09-28 at 10.29.24 PM.jpeg,Printed Bedsheet,bedsheets,White with blue floral,unknown,floral,drape
WhatsApp Image 2026-09-28 at 10.29.24 PM (1).jpeg,Printed Bedsheet,bedsheets,"Pink, blue and grey geometric",unknown,geometric,flat
WhatsApp Image 2026-09-28 at 10.29.25 PM.jpeg,Printed Bedsheet,bedsheets,Multicolor paisley and floral,unknown,paisley,flat
WhatsApp Image 2026-09-28 at 10.29.26 PM.jpeg,Printed Bedsheet,bedsheets,Multicolor floral and geometric,unknown,floral,flat
WhatsApp Image 2026-09-28 at 10.29.27 PM.jpeg,Printed Bedsheet,bedsheets,Multicolor floral and striped,unknown,floral,flat
WhatsApp Image 2026-09-28 at 10.37.17 PM.jpeg,Striped Bedsheet,bedsheets,"Red, pink and orange stripes",unknown,striped,drape
WhatsApp Image 2026-09-28 at 10.37.17 PM (1).jpeg,Striped Bedsheet,bedsheets,"Green, black and red stripes",unknown,striped,drape
WhatsApp Image 2026-09-28 at 10.37.17 PM (2).jpeg,Striped Bedsheet,bedsheets,"Pink, mauve and grey stripes",unknown,striped,drape
WhatsApp Image 2026-09-28 at 10.37.18 PM.jpeg,Striped Bedsheet,bedsheets,"Pink, mauve and grey stripes",unknown,striped,drape
WhatsApp Image 2026-09-28 at 10.37.15 PM.jpeg,Striped Bedsheet,bedsheets,"Peach, yellow and lavender stripes",unknown,striped,drape
WhatsApp Image 2026-09-28 at 10.37.16 PM.jpeg,Striped Bedsheet,bedsheets,"Mint green, white and grey stripes",unknown,striped,drape
WhatsApp Image 2026-09-28 at 10.37.16 PM (1).jpeg,Striped Bedsheet,bedsheets,"Pink, mauve and grey stripes",unknown,striped,drape
WhatsApp Image 2026-09-28 at 10.37.16 PM (2).jpeg,Striped Bedsheet,bedsheets,"Pink, mauve and grey stripes",unknown,striped,drape
