original_filename	new_filename	product	colourway	view	status
WhatsApp Image 2026-09-28 at 10.29.34 PM.jpeg	printed-bedsheet-multicolor-floral-and-geometric--design--flat.jpg	printed-bedsheet-multicolor-floral-and-geometric	Multicolor floral and geometric	flat	already
WhatsApp Image 2026-09-28 at 10.29.35 PM.jpeg	printed-bedsheet-pink-blue-and-white-geometric--design--flat.jpg	printed-bedsheet-pink-blue-and-white-geometric	Pink, blue and white geometric	flat	already
WhatsApp Image 2026-09-28 at 10.29.36 PM.jpeg	printed-bedsheet-blue-pink-and-beige-geometric--design--flat.jpg	printed-bedsheet-blue-pink-and-beige-geometric	Blue, pink and beige geometric	flat	already
WhatsApp Image 2026-09-28 at 10.29.40 PM.jpeg	printed-bedsheet-red-blue-and-beige-geometric--design--flat.jpg	printed-bedsheet-red-blue-and-beige-geometric	Red, blue and beige geometric	flat	already
WhatsApp Image 2026-09-28 at 10.29.41 PM.jpeg	printed-bedsheet-blue-teal-and-multicolor-geometric--design--flat.jpg	printed-bedsheet-blue-teal-and-multicolor-geometric	Blue, teal and multicolor geometric	flat	already
WhatsApp Image 2026-09-28 at 10.29.48 PM.jpeg	printed-bedsheet-blue-and-multicolor-floral--design--flat.jpg	printed-bedsheet-blue-and-multicolor-floral	Blue and multicolor floral	flat	already
WhatsApp Image 2026-09-28 at 10.29.48 PM (1).jpeg	printed-bedsheet-red-and-beige-striped-geometric--design--flat.jpg	printed-bedsheet-red-and-beige-striped-geometric	Red and beige striped geometric	flat	already
WhatsApp Image 2026-09-28 at 10.29.48 PM (2).jpeg	printed-bedsheet-set-navy-mustard-and-white-botanical--design--drape.jpg	printed-bedsheet-set-navy-mustard-and-white-botanical	Navy mustard and white botanical	drape	already
WhatsApp Image 2026-09-28 at 10.29.49 PM.jpeg	printed-bedsheet-set-red-green-and-white-floral--design--drape.jpg	printed-bedsheet-set-red-green-and-white-floral	Red green and white floral	drape	already
WhatsApp Image 2026-09-28 at 10.29.49 PM (1).jpeg	printed-bedsheet-set-teal-grey-and-white-arch-geometric--design--drape.jpg	printed-bedsheet-set-teal-grey-and-white-arch-geometric	Teal grey and white arch geometric	drape	already
WhatsApp Image 2026-09-28 at 10.29.49 PM (2).jpeg	printed-bedsheet-set-black-grey-and-white-medallion-geometric--design--drape.jpg	printed-bedsheet-set-black-grey-and-white-medallion-geometric	Black grey and white medallion geometric	drape	already
WhatsApp Image 2026-09-28 at 10.29.50 PM.jpeg	printed-bedsheet-set-black-grey-and-white-floral-medallion--design--drape.jpg	printed-bedsheet-set-black-grey-and-white-floral-medallion	Black grey and white floral medallion	drape	already
WhatsApp Image 2026-09-28 at 10.29.50 PM (1).jpeg	printed-bedsheet-set-pink-cream-and-gold-floral--design--drape.jpg	printed-bedsheet-set-pink-cream-and-gold-floral	Pink cream and gold floral	drape	already
WhatsApp Image 2026-09-28 at 10.29.50 PM (2).jpeg	printed-bedsheet-set-blush-cream-and-taupe-floral-border--design--drape.jpg	printed-bedsheet-set-blush-cream-and-taupe-floral-border	Blush cream and taupe floral border	drape	already
WhatsApp Image 2026-09-28 at 10.29.51 PM.jpeg	printed-bedsheet-set-teal-brown-and-cream-botanical--design--drape.jpg	printed-bedsheet-set-teal-brown-and-cream-botanical	Teal brown and cream botanical	drape	already
WhatsApp Image 2026-09-28 at 10.29.51 PM (1).jpeg	printed-bedsheet-set-teal-rust-and-cream-botanical--design--drape.jpg	printed-bedsheet-set-teal-rust-and-cream-botanical	Teal rust and cream botanical	drape	already
WhatsApp Image 2026-09-28 at 10.29.51 PM (2).jpeg	printed-bedsheet-set-olive-cream-and-sage-botanical--design--drape.jpg	printed-bedsheet-set-olive-cream-and-sage-botanical	Olive cream and sage botanical	drape	already
WhatsApp Image 2026-09-28 at 10.29.52 PM.jpeg	printed-bedsheet-set-dusty-rose-cream-and-sage-floral--design--drape.jpg	printed-bedsheet-set-dusty-rose-cream-and-sage-floral	Dusty rose cream and sage floral	drape	already
WhatsApp Image 2026-09-28 at 10.29.52 PM (1).jpeg	printed-bedsheet-set-teal-mustard-and-cream-floral-border--design--drape.jpg	printed-bedsheet-set-teal-mustard-and-cream-floral-border	Teal mustard and cream floral border	drape	already
WhatsApp Image 2026-09-28 at 10.29.52 PM (2).jpeg	printed-bedsheet-set-charcoal-white-and-grey-floral--design--drape.jpg	printed-bedsheet-set-charcoal-white-and-grey-floral	Charcoal white and grey floral	drape	already
WhatsApp Image 2026-09-28 at 10.29.53 PM.jpeg	printed-bedsheet-set-red-sage-and-cream-floral--design--drape.jpg	printed-bedsheet-set-red-sage-and-cream-floral	Red sage and cream floral	drape	already
WhatsApp Image 2026-09-28 at 10.29.53 PM (1).jpeg	printed-bedsheet-beige-grey-and-blue-floral--design--flat.jpg	printed-bedsheet-beige-grey-and-blue-floral	Beige, grey and blue floral	flat	already
WhatsApp Image 2026-09-28 at 10.29.53 PM (2).jpeg	printed-bedsheet-multicolor-floral--design--flat.jpg	printed-bedsheet-multicolor-floral	Multicolor floral	flat	already
WhatsApp Image 2026-09-28 at 10.29.54 PM.jpeg	printed-bedsheet-grey-and-mauve-floral--design--flat.jpg	printed-bedsheet-grey-and-mauve-floral	Grey and mauve floral	flat	already
WhatsApp Image 2026-09-28 at 10.29.54 PM (1).jpeg	printed-bedsheet-pink-and-multicolor-floral--design--flat.jpg	printed-bedsheet-pink-and-multicolor-floral	Pink and multicolor floral	flat	already
WhatsApp Image 2026-09-28 at 10.29.54 PM (2).jpeg	floral-bedsheet-white-with-pink-floral--design--drape.jpg	floral-bedsheet-white-with-pink-floral	White with pink floral	drape	already
WhatsApp Image 2026-09-28 at 10.29.54 PM (3).jpeg	printed-bedsheet-white-with-red-floral--design--flat.jpg	printed-bedsheet-white-with-red-floral	White with red floral	flat	already
WhatsApp Image 2026-09-28 at 10.29.55 PM.jpeg	printed-bedsheet-multicolor-floral-and-striped--design--flat.jpg	printed-bedsheet-multicolor-floral-and-striped	Multicolor floral and striped	flat	already
WhatsApp Image 2026-09-28 at 10.29.56 PM.jpeg	jaipur-printed-bedsheet-multicolor-jaipur-print--design--flat.jpg	jaipur-printed-bedsheet-multicolor-jaipur-print	Multicolor Jaipur print	flat	already
WhatsApp Image 2026-09-28 at 10.29.56 PM (1).jpeg	printed-bedsheet-white-with-red-floral-2--design--flat.jpg	printed-bedsheet-white-with-red-floral-2	White with red floral 2	flat	already
WhatsApp Image 2026-09-28 at 10.29.56 PM (2).jpeg	printed-bedsheet-white-with-blue-and-mustard-floral--design--flat.jpg	printed-bedsheet-white-with-blue-and-mustard-floral	White with blue and mustard floral	flat	already
WhatsApp Image 2026-09-28 at 10.29.57 PM.jpeg	printed-bedsheet-multicolor-floral-and-geometric-2--design--flat.jpg	printed-bedsheet-multicolor-floral-and-geometric-2	Multicolor floral and geometric 2	flat	already
WhatsApp Image 2026-09-28 at 10.29.57 PM (1).jpeg	printed-bedsheet-white-with-blue-floral--design--flat.jpg	printed-bedsheet-white-with-blue-floral	White with blue floral	flat	already
WhatsApp Image 2026-09-28 at 10.29.57 PM (2).jpeg	printed-bedsheet-white-with-blue-floral-2--design--flat.jpg	printed-bedsheet-white-with-blue-floral-2	White with blue floral 2	flat	already
WhatsApp Image 2026-09-28 at 10.29.57 PM (3).jpeg	printed-bedsheet-white-with-navy-floral--design--flat.jpg	printed-bedsheet-white-with-navy-floral	White with navy floral	flat	already
WhatsApp Image 2026-09-28 at 10.30.08 PM.jpeg	printed-bedsheet-multicolor-floral-and-striped-2--design--flat.jpg	printed-bedsheet-multicolor-floral-and-striped-2	Multicolor floral and striped 2	flat	already
WhatsApp Image 2026-09-28 at 10.30.09 PM.jpeg	printed-bedsheet-set-blue-floral--design--drape.jpg	printed-bedsheet-set-blue-floral	Blue floral	drape	already
WhatsApp Image 2026-09-28 at 10.30.09 PM (1).jpeg	printed-bedsheet-white-with-multicolor-floral-and-striped--design--flat.jpg	printed-bedsheet-white-with-multicolor-floral-and-striped	White with multicolor floral and striped	flat	already
WhatsApp Image 2026-09-28 at 10.30.09 PM (2).jpeg	printed-bedsheet-multicolor-floral-and-geometric-3--design--flat.jpg	printed-bedsheet-multicolor-floral-and-geometric-3	Multicolor floral and geometric 3	flat	already
WhatsApp Image 2026-09-28 at 10.30.10 PM.jpeg	printed-bedsheet-multicolor-floral-and-geometric-4--design--flat.jpg	printed-bedsheet-multicolor-floral-and-geometric-4	Multicolor floral and geometric 4	flat	already
WhatsApp Image 2026-09-28 at 10.30.10 PM (1).jpeg	printed-bedsheet-blue-and-grey-geometric--design--flat.jpg	printed-bedsheet-blue-and-grey-geometric	Blue and grey geometric	flat	already
WhatsApp Image 2026-09-28 at 10.30.10 PM (2).jpeg	printed-bedsheet-blue-grey-and-multicolor-floral--design--flat.jpg	printed-bedsheet-blue-grey-and-multicolor-floral	Blue, grey and multicolor floral	flat	already
WhatsApp Image 2026-09-28 at 10.30.11 PM.jpeg	printed-bedsheet-burgundy-floral--design--flat.jpg	printed-bedsheet-burgundy-floral	Burgundy floral	flat	already
WhatsApp Image 2026-09-28 at 10.30.11 PM (1).jpeg	printed-bedsheet-navy-blue-paisley--design--flat.jpg	printed-bedsheet-navy-blue-paisley	Navy blue paisley	flat	already
WhatsApp Image 2026-09-28 at 10.30.11 PM (2).jpeg	printed-bedsheet-multicolor-floral-2--design--flat.jpg	printed-bedsheet-multicolor-floral-2	Multicolor floral 2	flat	already
WhatsApp Image 2026-09-28 at 10.30.11 PM (3).jpeg	printed-bedsheet-grey-and-blue-floral--design--flat.jpg	printed-bedsheet-grey-and-blue-floral	Grey and blue floral	flat	already
WhatsApp Image 2026-09-28 at 10.30.12 PM.jpeg	printed-bedsheet-grey-with-burgundy-elephant-motifs--design--flat.jpg	printed-bedsheet-grey-with-burgundy-elephant-motifs	Grey with burgundy elephant motifs	flat	already
WhatsApp Image 2026-09-28 at 10.30.12 PM (1).jpeg	patchwork-printed-bedsheet-multicolor-geometric-patchwork--design--flat.jpg	patchwork-printed-bedsheet-multicolor-geometric-patchwork	Multicolor geometric patchwork	flat	already
WhatsApp Image 2026-09-28 at 10.30.12 PM (2).jpeg	printed-bedsheet-multicolor-floral-3--design--flat.jpg	printed-bedsheet-multicolor-floral-3	Multicolor floral 3	flat	already
WhatsApp Image 2026-09-28 at 10.30.12 PM (3).jpeg	printed-bedsheet-grey-geometric--design--drape.jpg	printed-bedsheet-grey-geometric	Grey geometric	drape	already
WhatsApp Image 2026-09-28 at 10.30.13 PM.jpeg	printed-bedsheet-navy-blue-floral--design--drape.jpg	printed-bedsheet-navy-blue-floral	Navy blue floral	drape	already
WhatsApp Image 2026-09-28 at 10.30.13 PM (1).jpeg	printed-bedsheet-sage-floral--design--drape.jpg	printed-bedsheet-sage-floral	Sage floral	drape	already
WhatsApp Image 2026-09-28 at 10.30.13 PM (2).jpeg	printed-bedsheet-light-blue-floral--design--drape.jpg	printed-bedsheet-light-blue-floral	Light blue floral	drape	already
WhatsApp Image 2026-09-28 at 10.30.14 PM.jpeg	printed-bedsheet-set-white-with-red-and-grey-geometric--design--drape.jpg	printed-bedsheet-set-white-with-red-and-grey-geometric	White with red and grey geometric	drape	already
WhatsApp Image 2026-09-28 at 10.30.14 PM (1).jpeg	printed-bedsheet-set-white-with-pink-and-grey-geometric--design--drape.jpg	printed-bedsheet-set-white-with-pink-and-grey-geometric	White with pink and grey geometric	drape	already
WhatsApp Image 2026-09-28 at 10.30.14 PM (2).jpeg	printed-bedsheet-set-white-with-red-floral--design--drape.jpg	printed-bedsheet-set-white-with-red-floral	White with red floral	drape	already
WhatsApp Image 2026-09-28 at 10.30.15 PM.jpeg	printed-bedsheet-pink-geometric--design--drape.jpg	printed-bedsheet-pink-geometric	Pink geometric	drape	already
WhatsApp Image 2026-09-28 at 10.30.15 PM (1).jpeg	printed-bedsheet-white-with-blue-floral-3--design--drape.jpg	printed-bedsheet-white-with-blue-floral-3	White with blue floral 3	drape	already
WhatsApp Image 2026-09-28 at 10.30.15 PM (2).jpeg	printed-bedsheet-purple-floral--design--drape.jpg	printed-bedsheet-purple-floral	Purple floral	drape	already
WhatsApp Image 2026-09-28 at 10.30.15 PM (3).jpeg	printed-bedsheet-grey-floral--design--drape.jpg	printed-bedsheet-grey-floral	Grey floral	drape	already
WhatsApp Image 2026-09-28 at 10.30.16 PM.jpeg	printed-bedsheet-set-white-with-blue-floral--design--drape.jpg	printed-bedsheet-set-white-with-blue-floral	White with blue floral	drape	already
WhatsApp Image 2026-09-28 at 10.30.16 PM (1).jpeg	printed-bedsheet-grey-geometric-circles--design--drape.jpg	printed-bedsheet-grey-geometric-circles	Grey geometric circles	drape	already
WhatsApp Image 2026-09-28 at 10.30.16 PM (2).jpeg	printed-bedsheet-grey-geometric-2--design--drape.jpg	printed-bedsheet-grey-geometric-2	Grey geometric 2	drape	already
WhatsApp Image 2026-09-28 at 10.30.17 PM.jpeg	printed-bedsheet-light-blue-geometric--design--drape.jpg	printed-bedsheet-light-blue-geometric	Light blue geometric	drape	already
WhatsApp Image 2026-09-28 at 10.30.17 PM (1).jpeg	patchwork-printed-bedsheet-blue-and-white-patchwork--design--drape.jpg	patchwork-printed-bedsheet-blue-and-white-patchwork	Blue and white patchwork	drape	already
WhatsApp Image 2026-09-28 at 10.30.17 PM (2).jpeg	printed-bedsheet-grey-geometric-3--design--drape.jpg	printed-bedsheet-grey-geometric-3	Grey geometric 3	drape	already
WhatsApp Image 2026-09-28 at 10.30.17 PM (3).jpeg	printed-bedsheet-brown-geometric--design--drape.jpg	printed-bedsheet-brown-geometric	Brown geometric	drape	already
WhatsApp Image 2026-09-28 at 10.30.18 PM.jpeg	printed-bedsheet-sage-floral-2--design--drape.jpg	printed-bedsheet-sage-floral-2	Sage floral 2	drape	already
WhatsApp Image 2026-09-28 at 10.30.18 PM (1).jpeg	printed-bedsheet-beige-floral--design--drape.jpg	printed-bedsheet-beige-floral	Beige floral	drape	already
WhatsApp Image 2026-09-28 at 10.30.18 PM (2).jpeg	printed-bedsheet-white-with-blue-floral-4--design--flat.jpg	printed-bedsheet-white-with-blue-floral-4	White with blue floral 4	flat	already
WhatsApp Image 2026-09-28 at 10.30.19 PM.jpeg	printed-bedsheet-mauve-geometric-circles--design--drape.jpg	printed-bedsheet-mauve-geometric-circles	Mauve geometric circles	drape	already
WhatsApp Image 2026-09-28 at 10.30.19 PM (1).jpeg	printed-bedsheet-beige-geometric--design--drape.jpg	printed-bedsheet-beige-geometric	Beige geometric	drape	already
WhatsApp Image 2026-09-28 at 10.30.19 PM (2).jpeg	printed-bedsheet-set-white-with-multicolor-floral--design--drape.jpg	printed-bedsheet-set-white-with-multicolor-floral	White with multicolor floral	drape	already
WhatsApp Image 2026-09-28 at 10.30.19 PM (3).jpeg	printed-bedsheet-pink-geometric-circles--design--drape.jpg	printed-bedsheet-pink-geometric-circles	Pink geometric circles	drape	already
WhatsApp Image 2026-09-28 at 10.30.20 PM.jpeg	printed-bedsheet-set-indigo-rust-and-cream-botanical--design--drape.jpg	printed-bedsheet-set-indigo-rust-and-cream-botanical	Indigo rust and cream botanical	drape	already
WhatsApp Image 2026-09-28 at 10.30.20 PM (1).jpeg	printed-bedsheet-set-dusty-rose-grey-and-cream-geometric--design--drape.jpg	printed-bedsheet-set-dusty-rose-grey-and-cream-geometric	Dusty rose grey and cream geometric	drape	already
WhatsApp Image 2026-09-28 at 10.30.20 PM (2).jpeg	printed-bedsheet-set-coral-teal-and-cream-floral--design--drape.jpg	printed-bedsheet-set-coral-teal-and-cream-floral	Coral teal and cream floral	drape	already
WhatsApp Image 2026-09-28 at 10.30.21 PM.jpeg	printed-bedsheet-set-navy-grey-and-cream-geometric--design--drape.jpg	printed-bedsheet-set-navy-grey-and-cream-geometric	Navy grey and cream geometric	drape	already
WhatsApp Image 2026-09-28 at 10.30.21 PM (1).jpeg	printed-bedsheet-set-sage-cream-and-charcoal-geometric--design--drape.jpg	printed-bedsheet-set-sage-cream-and-charcoal-geometric	Sage cream and charcoal geometric	drape	already
WhatsApp Image 2026-09-28 at 10.30.22 PM.jpeg	printed-bedsheet-set-sage-blue-and-cream-geometric--design--drape.jpg	printed-bedsheet-set-sage-blue-and-cream-geometric	Sage blue and cream geometric	drape	already
WhatsApp Image 2026-09-28 at 10.30.23 PM.jpeg	printed-bedsheet-set-lavender-cream-and-charcoal-diamond--design--drape.jpg	printed-bedsheet-set-lavender-cream-and-charcoal-diamond	Lavender cream and charcoal diamond	drape	already
WhatsApp Image 2026-09-28 at 10.30.23 PM (1).jpeg	printed-bedsheet-set-taupe-cream-and-brown-geometric--design--drape.jpg	printed-bedsheet-set-taupe-cream-and-brown-geometric	Taupe cream and brown geometric	drape	already
WhatsApp Image 2026-09-28 at 10.30.23 PM (2).jpeg	printed-bedsheet-set-olive-grey-and-cream-check--design--drape.jpg	printed-bedsheet-set-olive-grey-and-cream-check	Olive grey and cream check	drape	already
WhatsApp Image 2026-09-28 at 10.30.24 PM.jpeg	printed-bedsheet-set-mint-teal-and-cream-floral--design--drape.jpg	printed-bedsheet-set-mint-teal-and-cream-floral	Mint teal and cream floral	drape	already
WhatsApp Image 2026-09-28 at 10.30.24 PM (1).jpeg	printed-bedsheet-set-red-cream-and-blue-patchwork--design--drape.jpg	printed-bedsheet-set-red-cream-and-blue-patchwork	Red cream and blue patchwork	drape	already
WhatsApp Image 2026-09-28 at 10.30.24 PM (2).jpeg	printed-bedsheet-set-blue-rust-and-cream-striped-geometric--design--drape.jpg	printed-bedsheet-set-blue-rust-and-cream-striped-geometric	Blue rust and cream striped geometric	drape	already
WhatsApp Image 2026-09-28 at 10.30.24 PM (3).jpeg	printed-bedsheet-set-turquoise-cream-and-rust-floral--design--drape.jpg	printed-bedsheet-set-turquoise-cream-and-rust-floral	Turquoise cream and rust floral	drape	already
WhatsApp Image 2026-09-28 at 10.30.25 PM.jpeg	printed-bedsheet-set-blue-cream-and-red-floral-medallion--design--drape.jpg	printed-bedsheet-set-blue-cream-and-red-floral-medallion	Blue cream and red floral medallion	drape	already
WhatsApp Image 2026-09-28 at 10.30.25 PM (1).jpeg	printed-bedsheet-set-blue-peach-and-cream-floral--design--drape.jpg	printed-bedsheet-set-blue-peach-and-cream-floral	Blue peach and cream floral	drape	already
WhatsApp Image 2026-09-28 at 10.30.25 PM (2).jpeg	printed-bedsheet-set-royal-blue-white-and-gold-floral--design--drape.jpg	printed-bedsheet-set-royal-blue-white-and-gold-floral	Royal blue white and gold floral	drape	already
WhatsApp Image 2026-09-28 at 10.30.26 PM.jpeg	printed-bedsheet-set-royal-blue-orange-and-cream-floral--design--drape.jpg	printed-bedsheet-set-royal-blue-orange-and-cream-floral	Royal blue orange and cream floral	drape	already
WhatsApp Image 2026-09-28 at 10.28.51 PM.jpeg	block-print-bedsheet-white-with-red-floral-and-geometric-border--design--drape.jpg	block-print-bedsheet-white-with-red-floral-and-geometric-border	White with red floral and geometric border	drape	already
WhatsApp Image 2026-09-28 at 10.28.51 PM (1).jpeg	block-print-bedsheet-white-with-black-floral--design--drape.jpg	block-print-bedsheet-white-with-black-floral	White with black floral	drape	already
WhatsApp Image 2026-09-28 at 10.28.52 PM.jpeg	block-print-bedsheet-white-with-red-and-green-floral--design--drape.jpg	block-print-bedsheet-white-with-red-and-green-floral	White with red and green floral	drape	already
WhatsApp Image 2026-09-28 at 10.28.52 PM (1).jpeg	block-print-bedsheet-white-with-red-floral--design--drape.jpg	block-print-bedsheet-white-with-red-floral	White with red floral	drape	already
WhatsApp Image 2026-09-28 at 10.28.54 PM.jpeg	block-print-bedsheet-white-with-black-and-red-floral--design--flat.jpg	block-print-bedsheet-white-with-black-and-red-floral	White with black and red floral	flat	already
WhatsApp Image 2026-09-28 at 10.28.55 PM.jpeg	block-print-bedsheet-white-with-black-and-beige-geometric--design--drape.jpg	block-print-bedsheet-white-with-black-and-beige-geometric	White with black and beige geometric	drape	already
WhatsApp Image 2026-09-28 at 10.28.57 PM.jpeg	block-print-bedsheet-white-with-navy-and-multicolor-floral--design--flat.jpg	block-print-bedsheet-white-with-navy-and-multicolor-floral	White with navy and multicolor floral	flat	already
WhatsApp Image 2026-09-28 at 10.28.57 PM (1).jpeg	block-print-bedsheet-blue-green-and-beige-geometric--design--flat.jpg	block-print-bedsheet-blue-green-and-beige-geometric	Blue, green and beige geometric	flat	already
WhatsApp Image 2026-09-28 at 10.29.01 PM.jpeg	block-print-bedsheet-white-and-brown-floral--design--flat.jpg	block-print-bedsheet-white-and-brown-floral	White and brown floral	flat	already
WhatsApp Image 2026-09-28 at 10.29.02 PM.jpeg	block-print-bedsheet-white-with-multicolor-floral-and-geometric--design--flat.jpg	block-print-bedsheet-white-with-multicolor-floral-and-geometric	White with multicolor floral and geometric	flat	already
WhatsApp Image 2026-09-28 at 10.29.02 PM (1).jpeg	block-print-bedsheet-blue-beige-and-brown-floral--design--flat.jpg	block-print-bedsheet-blue-beige-and-brown-floral	Blue, beige and brown floral	flat	already
WhatsApp Image 2026-09-28 at 10.29.02 PM (2).jpeg	block-print-bedsheet-beige-and-blue-geometric--design--flat.jpg	block-print-bedsheet-beige-and-blue-geometric	Beige and blue geometric	flat	already
WhatsApp Image 2026-09-28 at 10.29.03 PM.jpeg	block-print-bedsheet-white-with-multicolor-botanical-and-geometric--design--flat.jpg	block-print-bedsheet-white-with-multicolor-botanical-and-geometric	White with multicolor botanical and geometric	flat	already
WhatsApp Image 2026-09-28 at 10.29.03 PM (1).jpeg	block-print-bedsheet-white-with-green-and-blue-floral--design--flat.jpg	block-print-bedsheet-white-with-green-and-blue-floral	White with green and blue floral	flat	already
WhatsApp Image 2026-09-28 at 10.29.03 PM (2).jpeg	block-print-bedsheet-white-with-navy-and-red-geometric--design--flat.jpg	block-print-bedsheet-white-with-navy-and-red-geometric	White with navy and red geometric	flat	already
WhatsApp Image 2026-09-28 at 10.29.03 PM (3).jpeg	block-print-bedsheet-white-with-mustard-blue-and-red-floral--design--flat.jpg	block-print-bedsheet-white-with-mustard-blue-and-red-floral	White with mustard, blue and red floral	flat	already
WhatsApp Image 2026-09-28 at 10.29.04 PM.jpeg	block-print-bedsheet-white-with-orange-and-blue-geometric--design--drape.jpg	block-print-bedsheet-white-with-orange-and-blue-geometric	White with orange and blue geometric	drape	already
WhatsApp Image 2026-09-28 at 10.29.04 PM (1).jpeg	block-print-bedsheet-white-with-blue-and-mustard-floral--design--drape.jpg	block-print-bedsheet-white-with-blue-and-mustard-floral	White with blue and mustard floral	drape	already
WhatsApp Image 2026-09-28 at 10.29.05 PM.jpeg	block-print-bedsheet-white-with-blue-and-grey-botanical-blocks--design--drape.jpg	block-print-bedsheet-white-with-blue-and-grey-botanical-blocks	White with blue and grey botanical blocks	drape	already
WhatsApp Image 2026-09-28 at 10.29.06 PM.jpeg	block-print-bedsheet-white-with-blue-and-red-geometric--design--drape.jpg	block-print-bedsheet-white-with-blue-and-red-geometric	White with blue and red geometric	drape	already
WhatsApp Image 2026-09-28 at 10.29.06 PM (1).jpeg	block-print-bedsheet-white-with-red-and-green-floral-2--design--drape.jpg	block-print-bedsheet-white-with-red-and-green-floral-2	White with red and green floral 2	drape	already
WhatsApp Image 2026-09-28 at 10.29.06 PM (2).jpeg	printed-bedsheet-white-with-navy-and-multicolor-floral--design--drape.jpg	printed-bedsheet-white-with-navy-and-multicolor-floral	White with navy and multicolor floral	drape	already
WhatsApp Image 2026-09-28 at 10.29.09 PM.jpeg	printed-bedsheet-white-with-multicolor-floral--design--drape.jpg	printed-bedsheet-white-with-multicolor-floral	White with multicolor floral	drape	already
WhatsApp Image 2026-09-28 at 10.29.09 PM (1).jpeg	printed-bedsheet-white-with-pink-and-blue-floral--design--drape.jpg	printed-bedsheet-white-with-pink-and-blue-floral	White with pink and blue floral	drape	already
WhatsApp Image 2026-09-28 at 10.29.09 PM (2).jpeg	printed-bedsheet-white-with-multicolor-floral-border--design--drape.jpg	printed-bedsheet-white-with-multicolor-floral-border	White with multicolor floral border	drape	already
WhatsApp Image 2026-09-28 at 10.29.09 PM (3).jpeg	printed-bedsheet-white-with-orange-and-teal-floral--design--drape.jpg	printed-bedsheet-white-with-orange-and-teal-floral	White with orange and teal floral	drape	already
WhatsApp Image 2026-09-28 at 10.29.12 PM.jpeg	printed-bedsheet-white-with-blue-and-green-floral--design--drape.jpg	printed-bedsheet-white-with-blue-and-green-floral	White with blue and green floral	drape	already
WhatsApp Image 2026-09-28 at 10.29.12 PM (1).jpeg	printed-bedsheet-white-with-blue-and-green-floral-2--design--drape.jpg	printed-bedsheet-white-with-blue-and-green-floral-2	White with blue and green floral 2	drape	already
WhatsApp Image 2026-09-28 at 10.29.12 PM (2).jpeg	printed-bedsheet-blue-grey-and-beige-geometric--design--flat.jpg	printed-bedsheet-blue-grey-and-beige-geometric	Blue, grey and beige geometric	flat	already
WhatsApp Image 2026-09-28 at 10.29.13 PM.jpeg	printed-bedsheet-brown-blue-and-mauve-geometric--design--flat.jpg	printed-bedsheet-brown-blue-and-mauve-geometric	Brown, blue and mauve geometric	flat	already
WhatsApp Image 2026-09-28 at 10.29.13 PM (1).jpeg	printed-bedsheet-blue-pink-and-beige-paisley--design--flat.jpg	printed-bedsheet-blue-pink-and-beige-paisley	Blue, pink and beige paisley	flat	already
WhatsApp Image 2026-09-28 at 10.29.14 PM.jpeg	printed-bedsheet-beige-and-pink-floral--design--flat.jpg	printed-bedsheet-beige-and-pink-floral	Beige and pink floral	flat	already
WhatsApp Image 2026-09-28 at 10.29.14 PM (1).jpeg	printed-bedsheet-white-with-brown-geometric-border--design--drape.jpg	printed-bedsheet-white-with-brown-geometric-border	White with brown geometric border	drape	already
WhatsApp Image 2026-09-28 at 10.29.15 PM.jpeg	printed-bedsheet-white-with-pink-floral-and-geometric-border--design--drape.jpg	printed-bedsheet-white-with-pink-floral-and-geometric-border	White with pink floral and geometric border	drape	already
WhatsApp Image 2026-09-28 at 10.29.16 PM.jpeg	printed-bedsheet-white-with-sage-and-grey-floral--design--drape.jpg	printed-bedsheet-white-with-sage-and-grey-floral	White with sage and grey floral	drape	already
WhatsApp Image 2026-09-28 at 10.29.17 PM.jpeg	printed-bedsheet-white-with-blue-floral-5--design--drape.jpg	printed-bedsheet-white-with-blue-floral-5	White with blue floral 5	drape	already
WhatsApp Image 2026-09-28 at 10.29.17 PM (1).jpeg	printed-bedsheet-white-with-grey-geometric--design--drape.jpg	printed-bedsheet-white-with-grey-geometric	White with grey geometric	drape	already
WhatsApp Image 2026-09-28 at 10.29.19 PM.jpeg	printed-bedsheet-white-with-pink-and-green-floral--design--drape.jpg	printed-bedsheet-white-with-pink-and-green-floral	White with pink and green floral	drape	already
WhatsApp Image 2026-09-28 at 10.29.20 PM.jpeg	printed-bedsheet-white-with-multicolor-floral-2--design--drape.jpg	printed-bedsheet-white-with-multicolor-floral-2	White with multicolor floral 2	drape	already
WhatsApp Image 2026-09-28 at 10.29.20 PM (1).jpeg	printed-bedsheet-white-with-green-floral--design--drape.jpg	printed-bedsheet-white-with-green-floral	White with green floral	drape	already
WhatsApp Image 2026-09-28 at 10.29.21 PM.jpeg	printed-bedsheet-white-with-pink-and-green-floral-2--design--drape.jpg	printed-bedsheet-white-with-pink-and-green-floral-2	White with pink and green floral 2	drape	already
WhatsApp Image 2026-09-28 at 10.29.21 PM (1).jpeg	printed-bedsheet-white-with-brown-geometric--design--drape.jpg	printed-bedsheet-white-with-brown-geometric	White with brown geometric	drape	already
WhatsApp Image 2026-09-28 at 10.29.22 PM.jpeg	printed-bedsheet-white-with-multicolor-floral-3--design--drape.jpg	printed-bedsheet-white-with-multicolor-floral-3	White with multicolor floral 3	drape	already
WhatsApp Image 2026-09-28 at 10.29.22 PM (1).jpeg	printed-bedsheet-white-with-blue-and-multicolor-floral--design--drape.jpg	printed-bedsheet-white-with-blue-and-multicolor-floral	White with blue and multicolor floral	drape	already
WhatsApp Image 2026-09-28 at 10.29.23 PM.jpeg	printed-bedsheet-white-with-blue-and-green-floral-3--design--drape.jpg	printed-bedsheet-white-with-blue-and-green-floral-3	White with blue and green floral 3	drape	already
WhatsApp Image 2026-09-28 at 10.29.24 PM.jpeg	printed-bedsheet-white-with-blue-floral-6--design--drape.jpg	printed-bedsheet-white-with-blue-floral-6	White with blue floral 6	drape	already
WhatsApp Image 2026-09-28 at 10.29.24 PM (1).jpeg	printed-bedsheet-pink-blue-and-grey-geometric--design--flat.jpg	printed-bedsheet-pink-blue-and-grey-geometric	Pink, blue and grey geometric	flat	already
WhatsApp Image 2026-09-28 at 10.29.25 PM.jpeg	printed-bedsheet-multicolor-paisley-and-floral--design--flat.jpg	printed-bedsheet-multicolor-paisley-and-floral	Multicolor paisley and floral	flat	already
WhatsApp Image 2026-09-28 at 10.29.26 PM.jpeg	printed-bedsheet-multicolor-floral-and-geometric-5--design--flat.jpg	printed-bedsheet-multicolor-floral-and-geometric-5	Multicolor floral and geometric 5	flat	already
WhatsApp Image 2026-09-28 at 10.29.27 PM.jpeg	printed-bedsheet-multicolor-floral-and-striped-3--design--flat.jpg	printed-bedsheet-multicolor-floral-and-striped-3	Multicolor floral and striped 3	flat	already
WhatsApp Image 2026-09-28 at 10.37.17 PM.jpeg	striped-bedsheet-red-pink-and-orange-stripes--design--drape.jpg	striped-bedsheet-red-pink-and-orange-stripes	Red, pink and orange stripes	drape	already
WhatsApp Image 2026-09-28 at 10.37.17 PM (1).jpeg	striped-bedsheet-green-black-and-red-stripes--design--drape.jpg	striped-bedsheet-green-black-and-red-stripes	Green, black and red stripes	drape	already
WhatsApp Image 2026-09-28 at 10.37.17 PM (2).jpeg	striped-bedsheet-pink-mauve-and-grey-stripes--design--drape.jpg	striped-bedsheet-pink-mauve-and-grey-stripes	Pink, mauve and grey stripes	drape	already
WhatsApp Image 2026-09-28 at 10.37.18 PM.jpeg	striped-bedsheet-pink-mauve-and-grey-stripes-2--design--drape.jpg	striped-bedsheet-pink-mauve-and-grey-stripes-2	Pink, mauve and grey stripes 2	drape	already
WhatsApp Image 2026-09-28 at 10.37.15 PM.jpeg	striped-bedsheet-peach-yellow-and-lavender-stripes--design--drape.jpg	striped-bedsheet-peach-yellow-and-lavender-stripes	Peach, yellow and lavender stripes	drape	already
WhatsApp Image 2026-09-28 at 10.37.16 PM.jpeg	striped-bedsheet-mint-green-white-and-grey-stripes--design--drape.jpg	striped-bedsheet-mint-green-white-and-grey-stripes	Mint green, white and grey stripes	drape	already
WhatsApp Image 2026-09-28 at 10.37.16 PM (1).jpeg	striped-bedsheet-pink-mauve-and-grey-stripes-3--design--drape.jpg	striped-bedsheet-pink-mauve-and-grey-stripes-3	Pink, mauve and grey stripes 3	drape	already
WhatsApp Image 2026-09-28 at 10.37.16 PM (2).jpeg	striped-bedsheet-pink-mauve-and-grey-stripes-4--design--drape.jpg	striped-bedsheet-pink-mauve-and-grey-stripes-4	Pink, mauve and grey stripes 4	drape	already
